{
    "rmse": 0.6784886910439374,
    "mae": 0.537101361983135,
    "r2": 0.22708713251424528
}