{
    "rmse": 0.7492617912435278,
    "mae": 0.5797960991374157,
    "r2": 0.2607410695055836
}